{
    "cairo": {
        "normal": "C:\\xampp\\htdocs\\patientPortal\\storage\\fonts\/cairo_normal_24f36be607dfa83f454da086ba21d1f6",
        "bold": "cairo_bold_24f36be607dfa83f454da086ba21d1f6"
    },
    "dinnextltarabic-medium": {
        "normal": "C:\\xampp\\htdocs\\patientPortal\\storage\\fonts\/dinnextltarabic_medium_normal_9e7feeb91b0940cc15543a1ffe038e7f",
        "bold": "dinnextltarabic_medium_bold_9e7feeb91b0940cc15543a1ffe038e7f"
    },
    "font awesome 6 brands": {
        "normal": "font_awesome_6_brands_normal_31636509732b4298588040c87c3592c6"
    },
    "font awesome 6 free": {
        "normal": "C:\\xampp\\htdocs\\patientPortal\\storage\\fonts\/font_awesome_6_free_normal_1321bfcfa727e01fd6f51a5f5864a82b",
        "900": "font_awesome_6_free_900_a4b7023c0a078a27002a27fd500f100e"
    },
    "font awesome 5 brands": {
        "normal": "font_awesome_5_brands_normal_31636509732b4298588040c87c3592c6"
    },
    "font awesome 5 free": {
        "900": "C:\\xampp\\htdocs\\patientPortal\\storage\\fonts\/font_awesome_5_free_900_a4b7023c0a078a27002a27fd500f100e",
        "normal": "font_awesome_5_free_normal_1321bfcfa727e01fd6f51a5f5864a82b"
    },
    "fontawesome": {
        "normal": "fontawesome_normal_98ba43c5288785d68524e2de74fccc87"
    }
}